"","base.er1","base.i.er1","base.abc.er1","base.er4","base.i.er4","base.abc.er4","meth.er1","meth.i.er1","meth.abc.er1","meth.er4","meth.i.er4","meth.abc.er4","annu.er1","annu.i.er1","annu.abc.er1","annu.er4","annu.i.er4","annu.abc.er4","anme.er1","anme.i.er1","anme.abc.er1","anme.er4","anme.i.er4","anme.abc.er4","change.base","change.meth","change.annu","change.anme","change.base.abc","change.meth.abc","change.annu.abc","change.anme.abc","total.base","total.meth","total.annu","total.anme","total.base.abc","total.meth.abc","total.annu.abc","total.anme.abc"
"1",0.827949419137389,0.832659557334782,0.619729671747764,0.612824190698237,0.624084431804241,0.368195432258007,0.499143397835521,0.580446404751004,0.384804308301662,0.2757038314091,0.345491647593073,0.180987698119231,0.520755532702852,0.646169927905798,0.494667592840753,0.300013859951619,0.368324642116249,0.276559310897086,0.372618369396084,0.506465085679608,0.344232412813454,0.195989717916304,0.263092500174015,0.1509469163853,0.123146588686238,0.482922967858588,0.457106715707898,0.519496297923232,0.786599815023738,0.771819472803366,0.627313453522316,0.701941026007924,0.0130870792555484,0.0709015987736268,0.119372749566256,0.147910828480805,0.203287959936906,0.176146316998929,0.124617493186363,0.147869945737052
