"","improved.er1","step1.er1","step2.er1","step3.er1","step4.er1","step5.er1","improved.er4","step1.er4","step2.er4","step3.er4","step4.er4","step5.er4","change.step1","change.step2","change.step3","change.step4","change.step5","total.step1","total.step2","total.step3","total.step4","total.step5"
"1",0.823594702043634,0.841521992509042,0.860036182991681,0.877907316044558,0.884026134118216,0.8900706262047,0.617114219222022,0.643871987526448,0.651906764380564,0.665614678666735,0.673001167743843,0.688482582668391,0.517965416944013,0.0438738043839119,0.0526160545233419,0.0414758278125642,0.0541851586969939,0.0244714152053356,0.0124228877202719,0.0119972409508604,0.00873086307208105,0.00876460054931344
