"","base.er1","base.i.er1","base.abc.er1","base.er4","base.i.er4","base.abc.er4","meth.er1","meth.i.er1","meth.abc.er1","meth.er4","meth.i.er4","meth.abc.er4","annu.er1","annu.i.er1","annu.abc.er1","annu.er4","annu.i.er4","annu.abc.er4","anme.er1","anme.i.er1","anme.abc.er1","anme.er4","anme.i.er4","anme.abc.er4","change.base","change.meth","change.annu","change.anme","change.base.abc","change.meth.abc","change.annu.abc","change.anme.abc","total.base","total.meth","total.annu","total.anme","total.base.abc","total.meth.abc","total.annu.abc","total.anme.abc"
"1",0.729389110995591,0.857064520230825,0.727677185673307,0.54863139470958,0.741033662566523,0.496346614857006,0.543133318872504,0.72146806712318,0.600933471459185,0.401597952795366,0.555499665281668,0.368871288646878,0.558713148259652,0.720124051475566,0.552621368119107,0.399235290157785,0.565742700709453,0.335816918422224,0.47577733190221,0.659542838336656,0.544199649200229,0.335011444001062,0.501976988582178,0.326902004196134,0.431673516861202,0.566615025300218,0.57974243517871,0.642465191163436,0.789349038292525,0.693298434116587,0.821263215764299,0.706252875024777,0.143484470008948,0.216759862524731,0.166115079205236,0.202052142887915,0.184491280989961,0.137261664530564,0.209583455974028,0.132691161314392
