"","base.er1","base.i.er1","base.abc.er1","base.er4","base.i.er4","base.abc.er4","meth.er1","meth.i.er1","meth.abc.er1","meth.er4","meth.i.er4","meth.abc.er4","annu.er1","annu.i.er1","annu.abc.er1","annu.er4","annu.i.er4","annu.abc.er4","anme.er1","anme.i.er1","anme.abc.er1","anme.er4","anme.i.er4","anme.abc.er4","change.base","change.meth","change.annu","change.anme","change.base.abc","change.meth.abc","change.annu.abc","change.anme.abc","total.base","total.meth","total.annu","total.anme","total.base.abc","total.meth.abc","total.annu.abc","total.anme.abc"
"1",0.763834268464365,0.823594702043634,0.61956972961307,0.551461937111406,0.617114219222022,0.354603641532921,0.493524554828629,0.606873061674603,0.425463422530024,0.279933002004599,0.364473994988777,0.197280990220352,0.50844714844221,0.651010035109394,0.492946463817284,0.293803332336815,0.38240376298709,0.265259951010916,0.380518222805085,0.536803888955874,0.382813244120126,0.206347934811154,0.291645814098043,0.170991888557267,0.232216131161693,0.518244827599496,0.503122792587001,0.563270822425306,0.784000698113717,0.737999243526619,0.672891330451687,0.690544578249573,0.0635953311926338,0.126730529809765,0.137590328156688,0.169807629038732,0.198140920270441,0.160107892788982,0.14244233253449,0.137834583976416
