"","improved.er1","step1.er1","step2.er1","step3.er1","step4.er1","step5.er1","improved.er4","step1.er4","step2.er4","step3.er4","step4.er4","step5.er4","change.step1","change.step2","change.step3","change.step4","change.step5","total.step1","total.step2","total.step3","total.step4","total.step5"
"1",0.536803888955874,0.593383032643423,0.609206347108967,0.63916976771202,0.655342001395126,0.672198171800941,0.291645814098043,0.322792944867185,0.339812219522629,0.359423681801089,0.372485097639572,0.386453290521565,0.560822194070108,0.0741518716659977,0.111168553170334,0.0958484531660944,0.0512071641442629,0.0347519874470676,0.0202497017105949,0.0171075066813141,0.0133246411666146,0.0126295521589965
